pair,alpha_all,alpha_active,n_items_all,n_items_active
HumanA-HumanB,0.5104930863091215,-0.45341018251681087,7245,757
HumanA-LLM,0.37855600969848957,-0.587615283267457,7245,603
HumanB-LLM,0.3757286754002911,-0.5906666666666667,7245,597
