pair,n_samples,n_labels,micro_precision,micro_recall,micro_f1,hamming_loss,coverage_ratio,instance_coverage,kappa_mean,kappa_median,kappa_pct_ge_0.60,kappa_pct_ge_0.80
HumanA vs HumanB,115,63,0.5503875968992248,0.540952380952381,0.5456292026897214,0.0652864044168392,0.10448585231193927,0.9826086956521739,0.366469335303233,0.4229595453205308,0.20634920634920634,0.031746031746031744
HumanB vs LLM,115,63,0.29651162790697677,0.6538461538461539,0.408,0.06128364389233954,0.08240165631469978,0.991304347826087,0.23907852408818048,0.20151310356007612,0.07936507936507936,0.0
HumanA vs LLM,115,63,0.6666666666666666,0.29714285714285715,0.41106719367588934,0.06169772256728778,0.08322981366459625,0.991304347826087,0.22187764036943045,0.210009813542689,0.06349206349206349,0.0
