skill,alpha_all_ab,alpha_all_ac,alpha_all_bc,alpha_active_ab,alpha_active_ac,alpha_active_bc,n_active_ab,n_active_ac,n_active_bc
Analytical Thinking,0.5404414972515487,0.2669512076826075,0.5281593406593406,-0.3013698630136987,-0.5245901639344264,-0.3541666666666665,48,47,33
Decision-making,0.47477064220183496,-0.008810572687224738,-0.03619909502262453,-0.4166666666666665,-0.6666666666666667,-0.8888888888888888,9,3,9
Knowledge Management,0.25889967637540456,0.31845238095238093,0.01857142857142846,-0.625,-0.5,-0.8499999999999999,20,5,19
Knowledge Sharing,0.5987149532710281,0.2427248677248678,0.29969418960244654,-0.3124999999999998,-0.6428571428571428,-0.5833333333333333,11,12,10
Learning Agility,0.32029939347012515,0.037815126050420145,0.2694080113434951,-0.5365853658536586,-0.7941176470588236,-0.6153846153846156,32,31,11
